-- Doctores:
insert into doctor (id_doctor, usuario, contrasena, primerNombre, segundoNombre, primerApellido, segundoApellido, genero, longitud, latitud, imagen) values ('e49421aa-6508-4902-aec2-75d519299bb6', 'nkrojn0', '6c7lDn', 'Diego', 'Angelo', 'Pereira', 'Alvarez', 'M', -88.2434596, 40.1211828, 'https://res.cloudinary.com/dyxvjcvz6/image/upload/v1655564222/aqjjjwwnnpieo0d9y5zn.jpg');
insert into doctor (id_doctor, usuario, contrasena, primerNombre, segundoNombre, primerApellido, segundoApellido, genero, longitud, latitud, imagen) values ('069bce9d-7c11-46d8-8632-e0923247ed93', 'ggillaspy1', 'TjQRwJM', 'Juan', null, 'Suárez', 'Sierra', 'M', -118.5, 34.02, 'https://res.cloudinary.com/dyxvjcvz6/image/upload/v1655671946/mrmyipxsqyenwdo50wsy.png');
insert into doctor (id_doctor, usuario, contrasena, primerNombre, segundoNombre, primerApellido, segundoApellido, genero, longitud, latitud, imagen) values ('3f9efb5a-58c3-4a74-9f7f-cfb44b8ecfac', 'jwhipp2', 'oBmOebKDc1H', 'Eduardo', 'Leonardo', 'Barrios', 'Barrios', 'M', 17.21407, 54.6629507, 'https://res.cloudinary.com/dyxvjcvz6/image/upload/v1655671921/b5qywxht1sodezzaebnz.png');
insert into doctor (id_doctor, usuario, contrasena, primerNombre, segundoNombre, primerApellido, segundoApellido, genero, longitud, latitud, imagen) values ('c501309a-2523-4fc7-96fe-186cb6ca64d4', 'ksalvidge3', 'nRibve', 'Manuel', 'Pablo', 'Picado', 'Belizario', 'M', 101.225991, 37.517256, 'https://res.cloudinary.com/dyxvjcvz6/image/upload/v1655671898/ncbhifq79ztdb3akmrrh.png');
insert into doctor (id_doctor, usuario, contrasena, primerNombre, segundoNombre, primerApellido, segundoApellido, genero, longitud, latitud, imagen) values ('f99f8420-fde6-4f33-acc6-5862c6fe877d', 'srendle4', '8YpKsbzOzhr0', 'David', 'Luciano', 'Roque', 'Macero', 'M', 120.4493879, 41.57365, 'https://res.cloudinary.com/dyxvjcvz6/image/upload/v1655671888/bbapcghpfmpbhldm5la0.png');

-- Doctoras:
insert into doctor (id_doctor, usuario, contrasena, primerNombre, segundoNombre, primerApellido, segundoApellido, genero, longitud, latitud, imagen) values ('088e361d-3ddf-46f4-8059-3406e189e2a9', 'dcoltherd0', 'A6wTxhP0lWYt', 'Paola', null, 'Madriz', 'Alvarez', 'F', -8.3634981, 42.0753926, 'https://res.cloudinary.com/dyxvjcvz6/image/upload/v1655671930/qfkrecfzlm8spvjo85lo.png');
insert into doctor (id_doctor, usuario, contrasena, primerNombre, segundoNombre, primerApellido, segundoApellido, genero, longitud, latitud, imagen) values ('1cffbf21-857b-4d09-bded-29537338c6f7', 'cbecerro1', 'bcUo5nta1xys', 'Azucena', 'Mariam', 'Bustillo', 'Sierra', 'F', -66.0671709, 18.4180126, 'https://res.cloudinary.com/dyxvjcvz6/image/upload/v1655671908/hxa5xpnz3tbhstqvheky.png');
insert into doctor (id_doctor, usuario, contrasena, primerNombre, segundoNombre, primerApellido, segundoApellido, genero, longitud, latitud, imagen) values ('b668c809-1d59-45ce-ac87-e41a1abdda5f', 'obeldham2', '8rFm7ZhTRc', 'Claudia', null, 'Chompré', 'Barrios', 'F', 53.2099707, 36.595457, 'https://res.cloudinary.com/dyxvjcvz6/image/upload/v1655671878/ixdfglqka5v3fhgkdl5c.png');
insert into doctor (id_doctor, usuario, contrasena, primerNombre, segundoNombre, primerApellido, segundoApellido, genero, longitud, latitud, imagen) values ('f4c76c45-03d3-4647-8663-9f23bb8286eb', 'cmowne3', 'jUO0OIxVq7O3', 'Isabel', 'Albany', 'Zambrano', 'Belizario', 'F', 102.7755279, 17.387112, 'https://res.cloudinary.com/dyxvjcvz6/image/upload/v1655671838/kq2ilxbdlrg38v8m0b0r.png');
insert into doctor (id_doctor, usuario, contrasena, primerNombre, segundoNombre, primerApellido, segundoApellido, genero, longitud, latitud, imagen) values ('c79b8afb-9053-444c-8c64-93af4f843ad4', 'nnicely4', 'mdeQPUjZ', 'Teresa', 'Chiquinquirá', 'Perozo', 'Macero', 'F', 19.9537797, 41.055232, 'https://res.cloudinary.com/dyxvjcvz6/image/upload/v1655671930/qfkrecfzlm8spvjo85lo.png');

-- Especialidades:
insert into especialidad (id_especialidad, nombre) values (1, 'Alergología');
insert into especialidad (id_especialidad, nombre) values (2, 'Anestesiología');
insert into especialidad (id_especialidad, nombre) values (3, 'Cardiología');
insert into especialidad (id_especialidad, nombre) values (4, 'Dermatología');
insert into especialidad (id_especialidad, nombre) values (5, 'Endocrinología');
insert into especialidad (id_especialidad, nombre) values (6, 'Geriatría');
insert into especialidad (id_especialidad, nombre) values (7, 'Hematología');
insert into especialidad (id_especialidad, nombre) values (8, 'Medicina interna');
insert into especialidad (id_especialidad, nombre) values (9, 'Nefrología');
insert into especialidad (id_especialidad, nombre) values (10, 'Neumología');
/*
insert into especialidad (id_especialidad, nombre) values (11, 'Neurología');
insert into especialidad (id_especialidad, nombre) values (12, 'Oncología');
insert into especialidad (id_especialidad, nombre) values (13, 'Pediatría');
insert into especialidad (id_especialidad, nombre) values (14, 'Psiquiatría');
insert into especialidad (id_especialidad, nombre) values (15, 'Rehabilitación');
insert into especialidad (id_especialidad, nombre) values (16, 'Reumatología');
insert into especialidad (id_especialidad, nombre) values (17, 'Ginecología');
insert into especialidad (id_especialidad, nombre) values (18, 'Oftalmología');
insert into especialidad (id_especialidad, nombre) values (19, 'Otorrinolaringología');
insert into especialidad (id_especialidad, nombre) values (20, 'Urología');
*/

-- Relaciones doctor-especialidad:
insert into doctor_especialidad (id_doctor, id_especialidad) values ('e49421aa-6508-4902-aec2-75d519299bb6', 1);
insert into doctor_especialidad (id_doctor, id_especialidad) values ('e49421aa-6508-4902-aec2-75d519299bb6', 10);
insert into doctor_especialidad (id_doctor, id_especialidad) values ('069bce9d-7c11-46d8-8632-e0923247ed93', 2);
insert into doctor_especialidad (id_doctor, id_especialidad) values ('3f9efb5a-58c3-4a74-9f7f-cfb44b8ecfac', 3);
insert into doctor_especialidad (id_doctor, id_especialidad) values ('c501309a-2523-4fc7-96fe-186cb6ca64d4', 4);
insert into doctor_especialidad (id_doctor, id_especialidad) values ('f99f8420-fde6-4f33-acc6-5862c6fe877d', 5);
insert into doctor_especialidad (id_doctor, id_especialidad) values ('088e361d-3ddf-46f4-8059-3406e189e2a9', 6);
insert into doctor_especialidad (id_doctor, id_especialidad) values ('1cffbf21-857b-4d09-bded-29537338c6f7', 7);
insert into doctor_especialidad (id_doctor, id_especialidad) values ('b668c809-1d59-45ce-ac87-e41a1abdda5f', 8);
insert into doctor_especialidad (id_doctor, id_especialidad) values ('f4c76c45-03d3-4647-8663-9f23bb8286eb', 9);
insert into doctor_especialidad (id_doctor, id_especialidad) values ('c79b8afb-9053-444c-8c64-93af4f843ad4', 10);
insert into doctor_especialidad (id_doctor, id_especialidad) values ('c79b8afb-9053-444c-8c64-93af4f843ad4', 1);
